<?xml version="1.0" encoding="UTF-8"?>
<!DOCTYPE mapper PUBLIC "-//mybatis.org//DTD Mapper 3.0//EN" "http://mybatis.org/dtd/mybatis-3-mapper.dtd" >
<mapper namespace="kh_point">
	
	<resultMap type="semi.KHC.pointDto.PointDto" id="point_Map">
		<result property="point_seq_id" column="POINT_SEQ_ID" />
		<result property="user_seq" column="USER_SEQ" />
		<result property="point_regdate" column="POINT_REGDATE" />
		<result property="point_balance" column="POINT_BALANCE" />
		<result property="point_state" column="POINT_STATE" />
	</resultMap>
	
	<select id="selectAll" parameterType="int" resultMap="point_Map">
		SELECT *  
		FROM KH_POINT
		WHERE USER_SEQ = #{user_seq}
		ORDER BY POINT_SEQ_ID DESC
	</select>
	<select id="select" parameterType="map" resultType="int">
		SELECT SUM(POINT_BALANCE) as mysum FROM KH_POINT WHERE USER_SEQ = #{user_seq} AND POINT_STATE = #{point_state}
	</select>
	<insert id="pointInsert" parameterType="map">
		INSERT INTO KH_POINT 
		VALUES(KH_POINT_SEQ.NEXTVAL, #{user_seq}, SYSDATE, #{point_balance}, #{point_state})
	</insert>
	
	
	
</mapper>
